epoch,epoch_training_loss,epoch_validation_loss,validation_accuracy,validation_f1,model-activation-optimizer-lr-wd
1,0.5777,0.5435,0.7373037204696562,0.7345,SmallMLP-Tanh-Adagrad-0.1-0
2,0.5389,0.5796,0.7033526665723582,0.6988,SmallMLP-Tanh-Adagrad-0.1-0
3,0.5303,0.5248,0.7411232140331023,0.7375,SmallMLP-Tanh-Adagrad-0.1-0
4,0.5235,0.5276,0.7364549441222238,0.7363,SmallMLP-Tanh-Adagrad-0.1-0
5,0.5203,0.5206,0.7402744376856698,0.7393,SmallMLP-Tanh-Adagrad-0.1-0
6,0.5181,0.5184,0.744235393973688,0.7406,SmallMLP-Tanh-Adagrad-0.1-0
7,0.5169,0.5211,0.7419719903805347,0.7363,SmallMLP-Tanh-Adagrad-0.1-0
8,0.5135,0.5157,0.7445183194228321,0.741,SmallMLP-Tanh-Adagrad-0.1-0
9,0.5126,0.5194,0.7432451549016834,0.7384,SmallMLP-Tanh-Adagrad-0.1-0
10,0.5127,0.5143,0.7445183194228321,0.741,SmallMLP-Tanh-Adagrad-0.1-0
11,0.5099,0.5127,0.7448012448719762,0.7414,SmallMLP-Tanh-Adagrad-0.1-0
12,0.5073,0.5119,0.7448012448719762,0.7416,SmallMLP-Tanh-Adagrad-0.1-0
13,0.5082,0.5214,0.742537841278823,0.736,SmallMLP-Tanh-Adagrad-0.1-0
14,0.5061,0.5158,0.746215872117697,0.7417,SmallMLP-Tanh-Adagrad-0.1-0
15,0.5067,0.5092,0.7449427075965483,0.7441,SmallMLP-Tanh-Adagrad-0.1-0
16,0.5053,0.5179,0.746215872117697,0.7413,SmallMLP-Tanh-Adagrad-0.1-0
17,0.5064,0.5283,0.7398500495119535,0.7313,SmallMLP-Tanh-Adagrad-0.1-0
18,0.505,0.5092,0.7439524685245438,0.7437,SmallMLP-Tanh-Adagrad-0.1-0
19,0.5044,0.5098,0.7438110057999717,0.7436,SmallMLP-Tanh-Adagrad-0.1-0
20,0.5037,0.5165,0.7432451549016834,0.7371,SmallMLP-Tanh-Adagrad-0.1-0
21,0.5033,0.5098,0.7467817230159853,0.743,SmallMLP-Tanh-Adagrad-0.1-0
22,0.5042,0.5094,0.7463573348422691,0.7425,SmallMLP-Tanh-Adagrad-0.1-0
23,0.5035,0.5056,0.750035365681143,0.7482,SmallMLP-Tanh-Adagrad-0.1-0
24,0.502,0.5068,0.7449427075965483,0.7443,SmallMLP-Tanh-Adagrad-0.1-0
25,0.5029,0.5054,0.7494695147828547,0.7476,SmallMLP-Tanh-Adagrad-0.1-0
26,0.5026,0.5105,0.744235393973688,0.7442,SmallMLP-Tanh-Adagrad-0.1-0
27,0.5019,0.506,0.7460744093931249,0.7454,SmallMLP-Tanh-Adagrad-0.1-0
28,0.5021,0.509,0.7438110057999717,0.7437,SmallMLP-Tanh-Adagrad-0.1-0
29,0.501,0.5059,0.7494695147828547,0.7478,SmallMLP-Tanh-Adagrad-0.1-0
30,0.5011,0.5077,0.749893902956571,0.7466,SmallMLP-Tanh-Adagrad-0.1-0
31,0.5033,0.5069,0.7455085584948367,0.7453,SmallMLP-Tanh-Adagrad-0.1-0
32,0.501,0.5099,0.7426793040033951,0.7426,SmallMLP-Tanh-Adagrad-0.1-0
33,0.5019,0.5055,0.7511670674777197,0.7492,SmallMLP-Tanh-Adagrad-0.1-0
34,0.5006,0.5042,0.7496109775074268,0.7482,SmallMLP-Tanh-Adagrad-0.1-0
35,0.5004,0.5068,0.7493280520582827,0.7463,SmallMLP-Tanh-Adagrad-0.1-0
36,0.5004,0.5045,0.7469231857405574,0.7463,SmallMLP-Tanh-Adagrad-0.1-0
37,0.5007,0.5083,0.7433866176262555,0.7433,SmallMLP-Tanh-Adagrad-0.1-0
38,0.5013,0.51,0.742537841278823,0.7425,SmallMLP-Tanh-Adagrad-0.1-0
39,0.5014,0.5059,0.749893902956571,0.7472,SmallMLP-Tanh-Adagrad-0.1-0
40,0.5001,0.5076,0.7445183194228321,0.7444,SmallMLP-Tanh-Adagrad-0.1-0
41,0.501,0.507,0.7435280803508275,0.7434,SmallMLP-Tanh-Adagrad-0.1-0
42,0.5017,0.5039,0.7493280520582827,0.7484,SmallMLP-Tanh-Adagrad-0.1-0
43,0.5003,0.5046,0.7476304993634177,0.747,SmallMLP-Tanh-Adagrad-0.1-0
44,0.5009,0.5037,0.7501768284057151,0.7487,SmallMLP-Tanh-Adagrad-0.1-0
45,0.4997,0.5039,0.7501768284057151,0.7484,SmallMLP-Tanh-Adagrad-0.1-0
46,0.5003,0.5085,0.7484792757108502,0.7445,SmallMLP-Tanh-Adagrad-0.1-0
47,0.5002,0.5042,0.7511670674777197,0.7491,SmallMLP-Tanh-Adagrad-0.1-0
48,0.5004,0.5039,0.7501768284057151,0.7484,SmallMLP-Tanh-Adagrad-0.1-0
49,0.4991,0.5083,0.7487622011599944,0.7449,SmallMLP-Tanh-Adagrad-0.1-0
50,0.5013,0.5049,0.7479134248125618,0.7473,SmallMLP-Tanh-Adagrad-0.1-0
51,0.4999,0.5037,0.7501768284057151,0.7485,SmallMLP-Tanh-Adagrad-0.1-0
52,0.4998,0.5037,0.7507426793040034,0.7493,SmallMLP-Tanh-Adagrad-0.1-0
53,0.4995,0.5037,0.7497524402319988,0.7487,SmallMLP-Tanh-Adagrad-0.1-0
54,0.4981,0.5095,0.7439524685245438,0.7439,SmallMLP-Tanh-Adagrad-0.1-0
55,0.4994,0.5044,0.7463573348422691,0.7458,SmallMLP-Tanh-Adagrad-0.1-0
56,0.4999,0.5044,0.7469231857405574,0.7464,SmallMLP-Tanh-Adagrad-0.1-0
57,0.5001,0.5083,0.7493280520582827,0.7455,SmallMLP-Tanh-Adagrad-0.1-0
58,0.4982,0.5064,0.7508841420285755,0.7481,SmallMLP-Tanh-Adagrad-0.1-0
59,0.4981,0.5034,0.749893902956571,0.7485,SmallMLP-Tanh-Adagrad-0.1-0
60,0.4999,0.5145,0.7457914839439808,0.7401,SmallMLP-Tanh-Adagrad-0.1-0
61,0.5003,0.5064,0.7503182911302871,0.7473,SmallMLP-Tanh-Adagrad-0.1-0
62,0.4989,0.505,0.7460744093931249,0.7457,SmallMLP-Tanh-Adagrad-0.1-0
63,0.4982,0.5092,0.7490451266091385,0.745,SmallMLP-Tanh-Adagrad-0.1-0
64,0.4984,0.5085,0.7497524402319988,0.7464,SmallMLP-Tanh-Adagrad-0.1-0
65,0.4999,0.5039,0.7473475739142736,0.7467,SmallMLP-Tanh-Adagrad-0.1-0
66,0.4983,0.5037,0.7514499929268638,0.7499,SmallMLP-Tanh-Adagrad-0.1-0
67,0.4986,0.5032,0.7491865893337105,0.7482,SmallMLP-Tanh-Adagrad-0.1-0
68,0.4992,0.5033,0.7491865893337105,0.748,SmallMLP-Tanh-Adagrad-0.1-0
69,0.4989,0.505,0.7511670674777197,0.7487,SmallMLP-Tanh-Adagrad-0.1-0
70,0.499,0.5067,0.7456500212194087,0.7455,SmallMLP-Tanh-Adagrad-0.1-0
71,0.4986,0.5038,0.7501768284057151,0.7483,SmallMLP-Tanh-Adagrad-0.1-0
72,0.4983,0.5041,0.7504597538548592,0.7484,SmallMLP-Tanh-Adagrad-0.1-0
73,0.4981,0.504,0.7464987975668411,0.7459,SmallMLP-Tanh-Adagrad-0.1-0
74,0.4998,0.5035,0.7481963502617061,0.7474,SmallMLP-Tanh-Adagrad-0.1-0
75,0.4981,0.5033,0.7503182911302871,0.7494,SmallMLP-Tanh-Adagrad-0.1-0
76,0.498,0.5035,0.7484792757108502,0.7477,SmallMLP-Tanh-Adagrad-0.1-0
77,0.4969,0.5082,0.7466402602914132,0.7466,SmallMLP-Tanh-Adagrad-0.1-0
78,0.4999,0.5044,0.7463573348422691,0.7459,SmallMLP-Tanh-Adagrad-0.1-0
79,0.4979,0.5033,0.7501768284057151,0.7492,SmallMLP-Tanh-Adagrad-0.1-0
80,0.4989,0.5033,0.7508841420285755,0.7492,SmallMLP-Tanh-Adagrad-0.1-0
81,0.4986,0.5085,0.7506012165794314,0.7469,SmallMLP-Tanh-Adagrad-0.1-0
82,0.4983,0.5034,0.748054887537134,0.7474,SmallMLP-Tanh-Adagrad-0.1-0
83,0.4971,0.504,0.7507426793040034,0.7488,SmallMLP-Tanh-Adagrad-0.1-0
84,0.4987,0.5044,0.7508841420285755,0.7486,SmallMLP-Tanh-Adagrad-0.1-0
85,0.4983,0.5031,0.7497524402319988,0.7486,SmallMLP-Tanh-Adagrad-0.1-0
86,0.498,0.5032,0.7511670674777197,0.7496,SmallMLP-Tanh-Adagrad-0.1-0
87,0.4973,0.5031,0.7490451266091385,0.7483,SmallMLP-Tanh-Adagrad-0.1-0
88,0.4979,0.5034,0.7487622011599944,0.748,SmallMLP-Tanh-Adagrad-0.1-0
89,0.4972,0.5036,0.7514499929268638,0.7496,SmallMLP-Tanh-Adagrad-0.1-0
90,0.4974,0.5052,0.7508841420285755,0.7484,SmallMLP-Tanh-Adagrad-0.1-0
91,0.4979,0.5033,0.7491865893337105,0.7483,SmallMLP-Tanh-Adagrad-0.1-0
92,0.4979,0.5099,0.7486207384354223,0.7445,SmallMLP-Tanh-Adagrad-0.1-0
93,0.4973,0.5123,0.7419719903805347,0.7419,SmallMLP-Tanh-Adagrad-0.1-0
94,0.4975,0.5038,0.7466402602914132,0.7461,SmallMLP-Tanh-Adagrad-0.1-0
95,0.498,0.5102,0.7435280803508275,0.7435,SmallMLP-Tanh-Adagrad-0.1-0
96,0.4979,0.5042,0.7508841420285755,0.7487,SmallMLP-Tanh-Adagrad-0.1-0
97,0.4984,0.5067,0.7448012448719762,0.7447,SmallMLP-Tanh-Adagrad-0.1-0
98,0.4973,0.5054,0.7456500212194087,0.7454,SmallMLP-Tanh-Adagrad-0.1-0
99,0.4978,0.5038,0.751732918376008,0.7499,SmallMLP-Tanh-Adagrad-0.1-0
100,0.4979,0.5039,0.75187438110058,0.7498,SmallMLP-Tanh-Adagrad-0.1-0
1,0.6895,0.6697,0.7139623709152638,0.7117,SmallMLP-Tanh-Adagrad-0.01-0
2,0.6258,0.5903,0.7223086716650162,0.7218,SmallMLP-Tanh-Adagrad-0.01-0
3,0.5735,0.5615,0.7266940161267506,0.7245,SmallMLP-Tanh-Adagrad-0.01-0
4,0.5567,0.5526,0.7283915688216155,0.727,SmallMLP-Tanh-Adagrad-0.01-0
5,0.55,0.5465,0.7305135096901967,0.7275,SmallMLP-Tanh-Adagrad-0.01-0
6,0.5453,0.5433,0.7309378978639128,0.7289,SmallMLP-Tanh-Adagrad-0.01-0
7,0.542,0.5411,0.7310793605884849,0.7294,SmallMLP-Tanh-Adagrad-0.01-0
8,0.5387,0.5379,0.7324939878342057,0.7302,SmallMLP-Tanh-Adagrad-0.01-0
9,0.5368,0.5369,0.7344744659782148,0.7329,SmallMLP-Tanh-Adagrad-0.01-0
10,0.5352,0.5343,0.7353232423256472,0.7331,SmallMLP-Tanh-Adagrad-0.01-0
11,0.5336,0.5327,0.7358890932239355,0.7326,SmallMLP-Tanh-Adagrad-0.01-0
12,0.5317,0.5311,0.7381524968170887,0.7356,SmallMLP-Tanh-Adagrad-0.01-0
13,0.529,0.5307,0.7414061394822464,0.7376,SmallMLP-Tanh-Adagrad-0.01-0
14,0.5291,0.5289,0.7380110340925167,0.7356,SmallMLP-Tanh-Adagrad-0.01-0
15,0.5272,0.5287,0.7384354222662328,0.7369,SmallMLP-Tanh-Adagrad-0.01-0
16,0.5264,0.5274,0.7422549158296788,0.7389,SmallMLP-Tanh-Adagrad-0.01-0
17,0.5258,0.5263,0.7412646767576744,0.7382,SmallMLP-Tanh-Adagrad-0.01-0
18,0.5241,0.5254,0.7422549158296788,0.7397,SmallMLP-Tanh-Adagrad-0.01-0
19,0.5237,0.5249,0.7411232140331023,0.739,SmallMLP-Tanh-Adagrad-0.01-0
20,0.5229,0.5242,0.7415476022068185,0.7393,SmallMLP-Tanh-Adagrad-0.01-0
21,0.522,0.5237,0.7415476022068185,0.7387,SmallMLP-Tanh-Adagrad-0.01-0
22,0.5218,0.5231,0.7418305276559627,0.7394,SmallMLP-Tanh-Adagrad-0.01-0
23,0.5208,0.5226,0.7419719903805347,0.7396,SmallMLP-Tanh-Adagrad-0.01-0
24,0.521,0.5227,0.7409817513085302,0.7395,SmallMLP-Tanh-Adagrad-0.01-0
25,0.5197,0.5217,0.742537841278823,0.7401,SmallMLP-Tanh-Adagrad-0.01-0
26,0.5192,0.5218,0.7419719903805347,0.7404,SmallMLP-Tanh-Adagrad-0.01-0
27,0.519,0.5212,0.7414061394822464,0.7396,SmallMLP-Tanh-Adagrad-0.01-0
28,0.5187,0.5207,0.7432451549016834,0.7409,SmallMLP-Tanh-Adagrad-0.01-0
29,0.518,0.5204,0.7435280803508275,0.7414,SmallMLP-Tanh-Adagrad-0.01-0
30,0.5172,0.5201,0.744235393973688,0.7419,SmallMLP-Tanh-Adagrad-0.01-0
31,0.5171,0.5198,0.7448012448719762,0.7424,SmallMLP-Tanh-Adagrad-0.01-0
32,0.517,0.5195,0.7449427075965483,0.7427,SmallMLP-Tanh-Adagrad-0.01-0
33,0.5168,0.5193,0.7438110057999717,0.7411,SmallMLP-Tanh-Adagrad-0.01-0
34,0.5158,0.5195,0.7429622294525392,0.7415,SmallMLP-Tanh-Adagrad-0.01-0
35,0.5155,0.519,0.7436695430753997,0.742,SmallMLP-Tanh-Adagrad-0.01-0
36,0.5157,0.5185,0.7453670957702645,0.7429,SmallMLP-Tanh-Adagrad-0.01-0
37,0.5156,0.5183,0.7453670957702645,0.7434,SmallMLP-Tanh-Adagrad-0.01-0
38,0.5149,0.5188,0.742537841278823,0.7413,SmallMLP-Tanh-Adagrad-0.01-0
39,0.5145,0.5179,0.7455085584948367,0.7435,SmallMLP-Tanh-Adagrad-0.01-0
40,0.5142,0.518,0.7435280803508275,0.742,SmallMLP-Tanh-Adagrad-0.01-0
41,0.5135,0.5174,0.7453670957702645,0.7431,SmallMLP-Tanh-Adagrad-0.01-0
42,0.5137,0.5173,0.7452256330456924,0.7431,SmallMLP-Tanh-Adagrad-0.01-0
43,0.5134,0.5171,0.7452256330456924,0.7431,SmallMLP-Tanh-Adagrad-0.01-0
44,0.5135,0.5169,0.7453670957702645,0.7435,SmallMLP-Tanh-Adagrad-0.01-0
45,0.5128,0.5169,0.7446597821474041,0.7421,SmallMLP-Tanh-Adagrad-0.01-0
46,0.5125,0.5169,0.7445183194228321,0.743,SmallMLP-Tanh-Adagrad-0.01-0
47,0.5132,0.5164,0.7450841703211204,0.7426,SmallMLP-Tanh-Adagrad-0.01-0
48,0.513,0.5162,0.7455085584948367,0.7435,SmallMLP-Tanh-Adagrad-0.01-0
49,0.5125,0.5161,0.7450841703211204,0.7433,SmallMLP-Tanh-Adagrad-0.01-0
50,0.5126,0.5161,0.7446597821474041,0.742,SmallMLP-Tanh-Adagrad-0.01-0
51,0.5125,0.5157,0.7453670957702645,0.7435,SmallMLP-Tanh-Adagrad-0.01-0
52,0.5115,0.5156,0.7452256330456924,0.7431,SmallMLP-Tanh-Adagrad-0.01-0
53,0.5118,0.5156,0.7445183194228321,0.7419,SmallMLP-Tanh-Adagrad-0.01-0
54,0.5108,0.5158,0.7436695430753997,0.7423,SmallMLP-Tanh-Adagrad-0.01-0
55,0.5122,0.5151,0.746215872117697,0.7441,SmallMLP-Tanh-Adagrad-0.01-0
56,0.5118,0.5155,0.7435280803508275,0.7421,SmallMLP-Tanh-Adagrad-0.01-0
57,0.5117,0.5149,0.7463573348422691,0.7441,SmallMLP-Tanh-Adagrad-0.01-0
58,0.5107,0.5147,0.7452256330456924,0.7432,SmallMLP-Tanh-Adagrad-0.01-0
59,0.5104,0.5147,0.7446597821474041,0.7422,SmallMLP-Tanh-Adagrad-0.01-0
60,0.5105,0.5145,0.7445183194228321,0.7427,SmallMLP-Tanh-Adagrad-0.01-0
61,0.5097,0.5158,0.7416890649313905,0.7408,SmallMLP-Tanh-Adagrad-0.01-0
62,0.5102,0.5142,0.7467817230159853,0.7446,SmallMLP-Tanh-Adagrad-0.01-0
63,0.5099,0.5142,0.744235393973688,0.7425,SmallMLP-Tanh-Adagrad-0.01-0
64,0.5105,0.5142,0.7450841703211204,0.7435,SmallMLP-Tanh-Adagrad-0.01-0
65,0.5097,0.5138,0.7455085584948367,0.7435,SmallMLP-Tanh-Adagrad-0.01-0
66,0.5097,0.5138,0.7439524685245438,0.7422,SmallMLP-Tanh-Adagrad-0.01-0
67,0.5093,0.514,0.7426793040033951,0.7413,SmallMLP-Tanh-Adagrad-0.01-0
68,0.5089,0.5135,0.7455085584948367,0.7435,SmallMLP-Tanh-Adagrad-0.01-0
69,0.5097,0.5135,0.7440939312491158,0.7425,SmallMLP-Tanh-Adagrad-0.01-0
70,0.509,0.5133,0.7439524685245438,0.7422,SmallMLP-Tanh-Adagrad-0.01-0
71,0.5084,0.5132,0.7456500212194087,0.7435,SmallMLP-Tanh-Adagrad-0.01-0
72,0.5091,0.5133,0.74437685669826,0.7429,SmallMLP-Tanh-Adagrad-0.01-0
73,0.5085,0.5132,0.7438110057999717,0.7423,SmallMLP-Tanh-Adagrad-0.01-0
74,0.5084,0.5131,0.7438110057999717,0.7423,SmallMLP-Tanh-Adagrad-0.01-0
75,0.5085,0.5128,0.7446597821474041,0.7427,SmallMLP-Tanh-Adagrad-0.01-0
76,0.508,0.5126,0.74437685669826,0.7425,SmallMLP-Tanh-Adagrad-0.01-0
77,0.5081,0.5125,0.7450841703211204,0.7431,SmallMLP-Tanh-Adagrad-0.01-0
78,0.5079,0.5126,0.7446597821474041,0.7422,SmallMLP-Tanh-Adagrad-0.01-0
79,0.5081,0.5129,0.7433866176262555,0.7422,SmallMLP-Tanh-Adagrad-0.01-0
80,0.5079,0.5123,0.7450841703211204,0.7431,SmallMLP-Tanh-Adagrad-0.01-0
81,0.5086,0.5122,0.7449427075965483,0.7427,SmallMLP-Tanh-Adagrad-0.01-0
82,0.5074,0.5121,0.7450841703211204,0.7433,SmallMLP-Tanh-Adagrad-0.01-0
83,0.5075,0.5121,0.7452256330456924,0.7435,SmallMLP-Tanh-Adagrad-0.01-0
84,0.5085,0.512,0.7456500212194087,0.7433,SmallMLP-Tanh-Adagrad-0.01-0
85,0.5074,0.512,0.7445183194228321,0.743,SmallMLP-Tanh-Adagrad-0.01-0
86,0.5072,0.5119,0.7446597821474041,0.7431,SmallMLP-Tanh-Adagrad-0.01-0
87,0.5078,0.5119,0.7453670957702645,0.7439,SmallMLP-Tanh-Adagrad-0.01-0
88,0.5071,0.5118,0.7450841703211204,0.7436,SmallMLP-Tanh-Adagrad-0.01-0
89,0.5072,0.5115,0.7448012448719762,0.7428,SmallMLP-Tanh-Adagrad-0.01-0
90,0.5065,0.5114,0.7450841703211204,0.7433,SmallMLP-Tanh-Adagrad-0.01-0
91,0.507,0.5114,0.7448012448719762,0.7431,SmallMLP-Tanh-Adagrad-0.01-0
92,0.5065,0.5113,0.7448012448719762,0.743,SmallMLP-Tanh-Adagrad-0.01-0
93,0.5061,0.5112,0.7450841703211204,0.7431,SmallMLP-Tanh-Adagrad-0.01-0
94,0.5066,0.5111,0.7439524685245438,0.7422,SmallMLP-Tanh-Adagrad-0.01-0
95,0.507,0.5111,0.744235393973688,0.7426,SmallMLP-Tanh-Adagrad-0.01-0
96,0.5061,0.511,0.7448012448719762,0.743,SmallMLP-Tanh-Adagrad-0.01-0
97,0.5056,0.5109,0.7445183194228321,0.7427,SmallMLP-Tanh-Adagrad-0.01-0
98,0.5064,0.5109,0.7459329466685528,0.7438,SmallMLP-Tanh-Adagrad-0.01-0
99,0.5056,0.5108,0.7453670957702645,0.7433,SmallMLP-Tanh-Adagrad-0.01-0
100,0.5061,0.5107,0.7455085584948367,0.7433,SmallMLP-Tanh-Adagrad-0.01-0
1,0.7299,0.727,0.49370490875654266,0.3305,SmallMLP-Tanh-Adagrad-0.001-0
2,0.718,0.7189,0.49370490875654266,0.3305,SmallMLP-Tanh-Adagrad-0.001-0
3,0.7124,0.7136,0.49370490875654266,0.3305,SmallMLP-Tanh-Adagrad-0.001-0
4,0.7084,0.7095,0.49370490875654266,0.3305,SmallMLP-Tanh-Adagrad-0.001-0
5,0.705,0.7064,0.49370490875654266,0.3305,SmallMLP-Tanh-Adagrad-0.001-0
6,0.7024,0.704,0.49370490875654266,0.3305,SmallMLP-Tanh-Adagrad-0.001-0
7,0.7003,0.702,0.49370490875654266,0.3305,SmallMLP-Tanh-Adagrad-0.001-0
8,0.6988,0.7004,0.49370490875654266,0.3305,SmallMLP-Tanh-Adagrad-0.001-0
9,0.6977,0.699,0.49370490875654266,0.3305,SmallMLP-Tanh-Adagrad-0.001-0
10,0.6964,0.6978,0.49370490875654266,0.3305,SmallMLP-Tanh-Adagrad-0.001-0
11,0.6956,0.6969,0.49370490875654266,0.3305,SmallMLP-Tanh-Adagrad-0.001-0
12,0.6949,0.696,0.49370490875654266,0.3305,SmallMLP-Tanh-Adagrad-0.001-0
13,0.6941,0.6952,0.49370490875654266,0.3305,SmallMLP-Tanh-Adagrad-0.001-0
14,0.6934,0.6945,0.49370490875654266,0.3305,SmallMLP-Tanh-Adagrad-0.001-0
15,0.693,0.6939,0.49370490875654266,0.3305,SmallMLP-Tanh-Adagrad-0.001-0
16,0.6925,0.6933,0.49370490875654266,0.3305,SmallMLP-Tanh-Adagrad-0.001-0
17,0.692,0.6928,0.49370490875654266,0.3305,SmallMLP-Tanh-Adagrad-0.001-0
18,0.6915,0.6923,0.49370490875654266,0.3305,SmallMLP-Tanh-Adagrad-0.001-0
19,0.691,0.6918,0.49370490875654266,0.3305,SmallMLP-Tanh-Adagrad-0.001-0
20,0.6906,0.6914,0.49370490875654266,0.3305,SmallMLP-Tanh-Adagrad-0.001-0
21,0.6903,0.6909,0.49370490875654266,0.3305,SmallMLP-Tanh-Adagrad-0.001-0
22,0.6898,0.6904,0.49370490875654266,0.3305,SmallMLP-Tanh-Adagrad-0.001-0
23,0.6894,0.6899,0.49370490875654266,0.3305,SmallMLP-Tanh-Adagrad-0.001-0
24,0.689,0.6894,0.49370490875654266,0.3305,SmallMLP-Tanh-Adagrad-0.001-0
25,0.6885,0.6889,0.49370490875654266,0.3305,SmallMLP-Tanh-Adagrad-0.001-0
26,0.688,0.6884,0.49370490875654266,0.3305,SmallMLP-Tanh-Adagrad-0.001-0
27,0.6875,0.6878,0.49370490875654266,0.3305,SmallMLP-Tanh-Adagrad-0.001-0
28,0.687,0.6872,0.49370490875654266,0.3305,SmallMLP-Tanh-Adagrad-0.001-0
29,0.6864,0.6866,0.49370490875654266,0.3305,SmallMLP-Tanh-Adagrad-0.001-0
30,0.6857,0.6859,0.49370490875654266,0.3305,SmallMLP-Tanh-Adagrad-0.001-0
31,0.685,0.6851,0.49370490875654266,0.3305,SmallMLP-Tanh-Adagrad-0.001-0
32,0.6843,0.6843,0.494412222379403,0.3321,SmallMLP-Tanh-Adagrad-0.001-0
33,0.6834,0.6835,0.5002121940868581,0.3461,SmallMLP-Tanh-Adagrad-0.001-0
34,0.6825,0.6825,0.5149243174423539,0.3818,SmallMLP-Tanh-Adagrad-0.001-0
35,0.6816,0.6815,0.5384071297213184,0.433,SmallMLP-Tanh-Adagrad-0.001-0
36,0.6806,0.6804,0.5570802093648324,0.4742,SmallMLP-Tanh-Adagrad-0.001-0
37,0.6795,0.6793,0.5791483943980761,0.5165,SmallMLP-Tanh-Adagrad-0.001-0
38,0.6783,0.678,0.5966897722450134,0.5474,SmallMLP-Tanh-Adagrad-0.001-0
39,0.677,0.6766,0.6104116565285047,0.5714,SmallMLP-Tanh-Adagrad-0.001-0
40,0.6756,0.6752,0.6231433017399916,0.5918,SmallMLP-Tanh-Adagrad-0.001-0
41,0.6741,0.6737,0.6275286462017259,0.6015,SmallMLP-Tanh-Adagrad-0.001-0
42,0.6725,0.6721,0.633611543358325,0.612,SmallMLP-Tanh-Adagrad-0.001-0
43,0.6709,0.6704,0.6404017541377847,0.6224,SmallMLP-Tanh-Adagrad-0.001-0
44,0.6691,0.6686,0.648606592162965,0.6339,SmallMLP-Tanh-Adagrad-0.001-0
45,0.6672,0.6667,0.654265101145848,0.6419,SmallMLP-Tanh-Adagrad-0.001-0
46,0.6654,0.6647,0.6558211911161409,0.6453,SmallMLP-Tanh-Adagrad-0.001-0
47,0.6635,0.6627,0.6633187155184609,0.6547,SmallMLP-Tanh-Adagrad-0.001-0
48,0.6613,0.6606,0.6668552836327628,0.6596,SmallMLP-Tanh-Adagrad-0.001-0
49,0.6593,0.6585,0.6703918517470646,0.6642,SmallMLP-Tanh-Adagrad-0.001-0
50,0.6573,0.6563,0.6756259725562315,0.6704,SmallMLP-Tanh-Adagrad-0.001-0
51,0.6548,0.6541,0.6781723015985288,0.6737,SmallMLP-Tanh-Adagrad-0.001-0
52,0.6527,0.6518,0.6810015560899703,0.6773,SmallMLP-Tanh-Adagrad-0.001-0
53,0.6505,0.6496,0.6821332578865469,0.6789,SmallMLP-Tanh-Adagrad-0.001-0
54,0.6483,0.6473,0.6845381242042722,0.6819,SmallMLP-Tanh-Adagrad-0.001-0
55,0.6459,0.645,0.6863771396237092,0.6842,SmallMLP-Tanh-Adagrad-0.001-0
56,0.6437,0.6427,0.6862356768991371,0.6845,SmallMLP-Tanh-Adagrad-0.001-0
57,0.6415,0.6404,0.6872259159711416,0.6858,SmallMLP-Tanh-Adagrad-0.001-0
58,0.6393,0.6382,0.6883576177677182,0.6872,SmallMLP-Tanh-Adagrad-0.001-0
59,0.637,0.6359,0.6916112604328759,0.6906,SmallMLP-Tanh-Adagrad-0.001-0
60,0.6348,0.6337,0.6942990521997454,0.6935,SmallMLP-Tanh-Adagrad-0.001-0
61,0.6325,0.6315,0.6957136794454661,0.6951,SmallMLP-Tanh-Adagrad-0.001-0
62,0.6307,0.6294,0.6965624557928985,0.6961,SmallMLP-Tanh-Adagrad-0.001-0
63,0.6284,0.6272,0.6968453812420428,0.6965,SmallMLP-Tanh-Adagrad-0.001-0
64,0.6261,0.6251,0.6975526948649031,0.6973,SmallMLP-Tanh-Adagrad-0.001-0
65,0.6243,0.6231,0.6971283066911869,0.697,SmallMLP-Tanh-Adagrad-0.001-0
66,0.6221,0.621,0.6986843966614797,0.6986,SmallMLP-Tanh-Adagrad-0.001-0
67,0.6202,0.619,0.7002404866317725,0.7002,SmallMLP-Tanh-Adagrad-0.001-0
68,0.6184,0.6171,0.7016551138774932,0.7016,SmallMLP-Tanh-Adagrad-0.001-0
69,0.6167,0.6152,0.7015136511529212,0.7015,SmallMLP-Tanh-Adagrad-0.001-0
70,0.6146,0.6133,0.7026453529494978,0.7026,SmallMLP-Tanh-Adagrad-0.001-0
71,0.613,0.6115,0.7036355920215024,0.7036,SmallMLP-Tanh-Adagrad-0.001-0
72,0.6111,0.6097,0.7034941292969302,0.7035,SmallMLP-Tanh-Adagrad-0.001-0
73,0.6093,0.608,0.7054746074409393,0.7055,SmallMLP-Tanh-Adagrad-0.001-0
74,0.6078,0.6063,0.7058989956146555,0.7059,SmallMLP-Tanh-Adagrad-0.001-0
75,0.6062,0.6046,0.7064648465129438,0.7064,SmallMLP-Tanh-Adagrad-0.001-0
76,0.6044,0.603,0.7077380110340925,0.7077,SmallMLP-Tanh-Adagrad-0.001-0
77,0.6029,0.6015,0.7091526382798132,0.709,SmallMLP-Tanh-Adagrad-0.001-0
78,0.6014,0.5999,0.7098599519026736,0.7097,SmallMLP-Tanh-Adagrad-0.001-0
79,0.5999,0.5984,0.7100014146272458,0.7098,SmallMLP-Tanh-Adagrad-0.001-0
80,0.5984,0.597,0.7109916536992502,0.7107,SmallMLP-Tanh-Adagrad-0.001-0
81,0.5971,0.5956,0.7109916536992502,0.7107,SmallMLP-Tanh-Adagrad-0.001-0
82,0.5958,0.5942,0.7119818927712548,0.7117,SmallMLP-Tanh-Adagrad-0.001-0
83,0.5949,0.5929,0.7132550572924035,0.7129,SmallMLP-Tanh-Adagrad-0.001-0
84,0.5936,0.5916,0.7129721318432592,0.7125,SmallMLP-Tanh-Adagrad-0.001-0
85,0.5919,0.5904,0.714245296364408,0.7138,SmallMLP-Tanh-Adagrad-0.001-0
86,0.5912,0.5892,0.7143867590889801,0.7139,SmallMLP-Tanh-Adagrad-0.001-0
87,0.59,0.588,0.7148111472626962,0.7143,SmallMLP-Tanh-Adagrad-0.001-0
88,0.5891,0.5869,0.7148111472626962,0.7142,SmallMLP-Tanh-Adagrad-0.001-0
89,0.5874,0.5858,0.7155184608855567,0.7149,SmallMLP-Tanh-Adagrad-0.001-0
90,0.5865,0.5847,0.7153769981609845,0.7147,SmallMLP-Tanh-Adagrad-0.001-0
91,0.5856,0.5837,0.7163672372329891,0.7157,SmallMLP-Tanh-Adagrad-0.001-0
92,0.5843,0.5827,0.7163672372329891,0.7157,SmallMLP-Tanh-Adagrad-0.001-0
93,0.5831,0.5817,0.7167916254067054,0.7161,SmallMLP-Tanh-Adagrad-0.001-0
94,0.5826,0.5808,0.7167916254067054,0.716,SmallMLP-Tanh-Adagrad-0.001-0
95,0.5819,0.5799,0.7166501626821332,0.7159,SmallMLP-Tanh-Adagrad-0.001-0
96,0.5814,0.579,0.7173574763049936,0.7165,SmallMLP-Tanh-Adagrad-0.001-0
97,0.5801,0.5782,0.7179233272032819,0.7171,SmallMLP-Tanh-Adagrad-0.001-0
98,0.5793,0.5774,0.7176404017541378,0.7168,SmallMLP-Tanh-Adagrad-0.001-0
99,0.5783,0.5766,0.7177818644787098,0.7169,SmallMLP-Tanh-Adagrad-0.001-0
100,0.5776,0.5758,0.7179233272032819,0.717,SmallMLP-Tanh-Adagrad-0.001-0
1,0.7,0.7015,0.49370490875654266,0.3305,SmallMLP-Tanh-Adagrad-0.0001-0
2,0.6991,0.7009,0.49370490875654266,0.3305,SmallMLP-Tanh-Adagrad-0.0001-0
3,0.6987,0.7005,0.49370490875654266,0.3305,SmallMLP-Tanh-Adagrad-0.0001-0
4,0.6984,0.7001,0.49370490875654266,0.3305,SmallMLP-Tanh-Adagrad-0.0001-0
5,0.6983,0.6998,0.49370490875654266,0.3305,SmallMLP-Tanh-Adagrad-0.0001-0
6,0.6979,0.6996,0.49370490875654266,0.3305,SmallMLP-Tanh-Adagrad-0.0001-0
7,0.6977,0.6993,0.49370490875654266,0.3305,SmallMLP-Tanh-Adagrad-0.0001-0
8,0.6974,0.6991,0.49370490875654266,0.3305,SmallMLP-Tanh-Adagrad-0.0001-0
9,0.6975,0.6989,0.49370490875654266,0.3305,SmallMLP-Tanh-Adagrad-0.0001-0
10,0.6971,0.6988,0.49370490875654266,0.3305,SmallMLP-Tanh-Adagrad-0.0001-0
11,0.697,0.6986,0.49370490875654266,0.3305,SmallMLP-Tanh-Adagrad-0.0001-0
12,0.6968,0.6984,0.49370490875654266,0.3305,SmallMLP-Tanh-Adagrad-0.0001-0
13,0.6968,0.6983,0.49370490875654266,0.3305,SmallMLP-Tanh-Adagrad-0.0001-0
14,0.6967,0.6982,0.49370490875654266,0.3305,SmallMLP-Tanh-Adagrad-0.0001-0
15,0.6966,0.698,0.49370490875654266,0.3305,SmallMLP-Tanh-Adagrad-0.0001-0
16,0.6966,0.6979,0.49370490875654266,0.3305,SmallMLP-Tanh-Adagrad-0.0001-0
17,0.6963,0.6978,0.49370490875654266,0.3305,SmallMLP-Tanh-Adagrad-0.0001-0
18,0.6963,0.6977,0.49370490875654266,0.3305,SmallMLP-Tanh-Adagrad-0.0001-0
19,0.6961,0.6976,0.49370490875654266,0.3305,SmallMLP-Tanh-Adagrad-0.0001-0
20,0.696,0.6975,0.49370490875654266,0.3305,SmallMLP-Tanh-Adagrad-0.0001-0
21,0.696,0.6974,0.49370490875654266,0.3305,SmallMLP-Tanh-Adagrad-0.0001-0
22,0.696,0.6973,0.49370490875654266,0.3305,SmallMLP-Tanh-Adagrad-0.0001-0
23,0.696,0.6972,0.49370490875654266,0.3305,SmallMLP-Tanh-Adagrad-0.0001-0
24,0.6959,0.6971,0.49370490875654266,0.3305,SmallMLP-Tanh-Adagrad-0.0001-0
25,0.6955,0.6971,0.49370490875654266,0.3305,SmallMLP-Tanh-Adagrad-0.0001-0
26,0.6956,0.697,0.49370490875654266,0.3305,SmallMLP-Tanh-Adagrad-0.0001-0
27,0.6956,0.6969,0.49370490875654266,0.3305,SmallMLP-Tanh-Adagrad-0.0001-0
28,0.6955,0.6968,0.49370490875654266,0.3305,SmallMLP-Tanh-Adagrad-0.0001-0
29,0.6955,0.6968,0.49370490875654266,0.3305,SmallMLP-Tanh-Adagrad-0.0001-0
30,0.6954,0.6967,0.49370490875654266,0.3305,SmallMLP-Tanh-Adagrad-0.0001-0
31,0.6954,0.6966,0.49370490875654266,0.3305,SmallMLP-Tanh-Adagrad-0.0001-0
32,0.6953,0.6966,0.49370490875654266,0.3305,SmallMLP-Tanh-Adagrad-0.0001-0
33,0.6953,0.6965,0.49370490875654266,0.3305,SmallMLP-Tanh-Adagrad-0.0001-0
34,0.6953,0.6964,0.49370490875654266,0.3305,SmallMLP-Tanh-Adagrad-0.0001-0
35,0.6951,0.6964,0.49370490875654266,0.3305,SmallMLP-Tanh-Adagrad-0.0001-0
36,0.695,0.6963,0.49370490875654266,0.3305,SmallMLP-Tanh-Adagrad-0.0001-0
37,0.695,0.6963,0.49370490875654266,0.3305,SmallMLP-Tanh-Adagrad-0.0001-0
38,0.695,0.6962,0.49370490875654266,0.3305,SmallMLP-Tanh-Adagrad-0.0001-0
39,0.6949,0.6962,0.49370490875654266,0.3305,SmallMLP-Tanh-Adagrad-0.0001-0
40,0.695,0.6961,0.49370490875654266,0.3305,SmallMLP-Tanh-Adagrad-0.0001-0
41,0.6949,0.6961,0.49370490875654266,0.3305,SmallMLP-Tanh-Adagrad-0.0001-0
42,0.6948,0.696,0.49370490875654266,0.3305,SmallMLP-Tanh-Adagrad-0.0001-0
43,0.6948,0.696,0.49370490875654266,0.3305,SmallMLP-Tanh-Adagrad-0.0001-0
44,0.6948,0.6959,0.49370490875654266,0.3305,SmallMLP-Tanh-Adagrad-0.0001-0
45,0.6946,0.6959,0.49370490875654266,0.3305,SmallMLP-Tanh-Adagrad-0.0001-0
46,0.6946,0.6958,0.49370490875654266,0.3305,SmallMLP-Tanh-Adagrad-0.0001-0
47,0.6946,0.6958,0.49370490875654266,0.3305,SmallMLP-Tanh-Adagrad-0.0001-0
48,0.6945,0.6957,0.49370490875654266,0.3305,SmallMLP-Tanh-Adagrad-0.0001-0
49,0.6946,0.6957,0.49370490875654266,0.3305,SmallMLP-Tanh-Adagrad-0.0001-0
50,0.6945,0.6957,0.49370490875654266,0.3305,SmallMLP-Tanh-Adagrad-0.0001-0
51,0.6945,0.6956,0.49370490875654266,0.3305,SmallMLP-Tanh-Adagrad-0.0001-0
52,0.6945,0.6956,0.49370490875654266,0.3305,SmallMLP-Tanh-Adagrad-0.0001-0
53,0.6945,0.6955,0.49370490875654266,0.3305,SmallMLP-Tanh-Adagrad-0.0001-0
54,0.6944,0.6955,0.49370490875654266,0.3305,SmallMLP-Tanh-Adagrad-0.0001-0
55,0.6944,0.6955,0.49370490875654266,0.3305,SmallMLP-Tanh-Adagrad-0.0001-0
56,0.6943,0.6954,0.49370490875654266,0.3305,SmallMLP-Tanh-Adagrad-0.0001-0
57,0.6943,0.6954,0.49370490875654266,0.3305,SmallMLP-Tanh-Adagrad-0.0001-0
58,0.6943,0.6954,0.49370490875654266,0.3305,SmallMLP-Tanh-Adagrad-0.0001-0
59,0.6943,0.6953,0.49370490875654266,0.3305,SmallMLP-Tanh-Adagrad-0.0001-0
60,0.6942,0.6953,0.49370490875654266,0.3305,SmallMLP-Tanh-Adagrad-0.0001-0
61,0.6942,0.6953,0.49370490875654266,0.3305,SmallMLP-Tanh-Adagrad-0.0001-0
62,0.6941,0.6952,0.49370490875654266,0.3305,SmallMLP-Tanh-Adagrad-0.0001-0
63,0.6942,0.6952,0.49370490875654266,0.3305,SmallMLP-Tanh-Adagrad-0.0001-0
64,0.6941,0.6952,0.49370490875654266,0.3305,SmallMLP-Tanh-Adagrad-0.0001-0
65,0.694,0.6951,0.49370490875654266,0.3305,SmallMLP-Tanh-Adagrad-0.0001-0
66,0.6941,0.6951,0.49370490875654266,0.3305,SmallMLP-Tanh-Adagrad-0.0001-0
67,0.694,0.6951,0.49370490875654266,0.3305,SmallMLP-Tanh-Adagrad-0.0001-0
68,0.694,0.695,0.49370490875654266,0.3305,SmallMLP-Tanh-Adagrad-0.0001-0
69,0.6939,0.695,0.49370490875654266,0.3305,SmallMLP-Tanh-Adagrad-0.0001-0
70,0.6939,0.695,0.49370490875654266,0.3305,SmallMLP-Tanh-Adagrad-0.0001-0
71,0.6939,0.695,0.49370490875654266,0.3305,SmallMLP-Tanh-Adagrad-0.0001-0
72,0.694,0.6949,0.49370490875654266,0.3305,SmallMLP-Tanh-Adagrad-0.0001-0
73,0.6939,0.6949,0.49370490875654266,0.3305,SmallMLP-Tanh-Adagrad-0.0001-0
74,0.694,0.6949,0.49370490875654266,0.3305,SmallMLP-Tanh-Adagrad-0.0001-0
75,0.6939,0.6948,0.49370490875654266,0.3305,SmallMLP-Tanh-Adagrad-0.0001-0
76,0.6939,0.6948,0.49370490875654266,0.3305,SmallMLP-Tanh-Adagrad-0.0001-0
77,0.6939,0.6948,0.49370490875654266,0.3305,SmallMLP-Tanh-Adagrad-0.0001-0
78,0.6938,0.6948,0.49370490875654266,0.3305,SmallMLP-Tanh-Adagrad-0.0001-0
79,0.6938,0.6947,0.49370490875654266,0.3305,SmallMLP-Tanh-Adagrad-0.0001-0
80,0.6938,0.6947,0.49370490875654266,0.3305,SmallMLP-Tanh-Adagrad-0.0001-0
81,0.6938,0.6947,0.49370490875654266,0.3305,SmallMLP-Tanh-Adagrad-0.0001-0
82,0.6938,0.6947,0.49370490875654266,0.3305,SmallMLP-Tanh-Adagrad-0.0001-0
83,0.6938,0.6946,0.49370490875654266,0.3305,SmallMLP-Tanh-Adagrad-0.0001-0
84,0.6937,0.6946,0.49370490875654266,0.3305,SmallMLP-Tanh-Adagrad-0.0001-0
85,0.6938,0.6946,0.49370490875654266,0.3305,SmallMLP-Tanh-Adagrad-0.0001-0
86,0.6937,0.6946,0.49370490875654266,0.3305,SmallMLP-Tanh-Adagrad-0.0001-0
87,0.6937,0.6946,0.49370490875654266,0.3305,SmallMLP-Tanh-Adagrad-0.0001-0
88,0.6936,0.6945,0.49370490875654266,0.3305,SmallMLP-Tanh-Adagrad-0.0001-0
89,0.6937,0.6945,0.49370490875654266,0.3305,SmallMLP-Tanh-Adagrad-0.0001-0
90,0.6937,0.6945,0.49370490875654266,0.3305,SmallMLP-Tanh-Adagrad-0.0001-0
91,0.6936,0.6945,0.49370490875654266,0.3305,SmallMLP-Tanh-Adagrad-0.0001-0
92,0.6935,0.6945,0.49370490875654266,0.3305,SmallMLP-Tanh-Adagrad-0.0001-0
93,0.6936,0.6944,0.49370490875654266,0.3305,SmallMLP-Tanh-Adagrad-0.0001-0
94,0.6936,0.6944,0.49370490875654266,0.3305,SmallMLP-Tanh-Adagrad-0.0001-0
95,0.6936,0.6944,0.49370490875654266,0.3305,SmallMLP-Tanh-Adagrad-0.0001-0
96,0.6936,0.6944,0.49370490875654266,0.3305,SmallMLP-Tanh-Adagrad-0.0001-0
97,0.6935,0.6943,0.49370490875654266,0.3305,SmallMLP-Tanh-Adagrad-0.0001-0
98,0.6935,0.6943,0.49370490875654266,0.3305,SmallMLP-Tanh-Adagrad-0.0001-0
99,0.6935,0.6943,0.49370490875654266,0.3305,SmallMLP-Tanh-Adagrad-0.0001-0
100,0.6935,0.6943,0.49370490875654266,0.3305,SmallMLP-Tanh-Adagrad-0.0001-0
